Gene,A,B,C,D,E,F,G,H,I
accA2,1,1,1,1,1,1,1,1,1
accB1,1,0,1,1,1,0,1,1,1
accB2,1,1,0,1,1,1,1,1,1
accB3,1,1,1,1,1,1,1,1,1
accC1,1,1,1,1,1,1,1,1,1
accC2,1,1,1,1,1,1,1,1,1
accD1,1,1,1,1,1,1,1,1,1
accD2,1,1,1,1,1,1,1,1,1
ack2,1,1,1,1,1,1,1,0,1
ack3,1,1,1,0,1,0,1,0,1
acm1,1,1,1,1,1,1,1,1,1
acpA1,0,0,0,0,1,1,0,1,1
acpA2,0,1,1,0,1,1,1,0,1
acpS,1,0,1,0,1,0,0,0,1
adk,1,1,1,0,1,1,1,0,1
alaS,1,1,1,1,1,1,1,0,1
aldB,1,1,1,1,1,1,1,1,1
alr,1,1,1,1,1,1,1,1,1
amd,1,1,1,1,1,1,1,1,1
amtB,1,1,1,1,1,1,1,1,1
ansB,1,1,1,1,1,1,1,1,1
apbE1,1,1,1,1,1,1,1,1,1
apbE2,1,1,1,1,1,1,1,1,1
apt,1,1,0,0,1,0,0,0,0
araT1,1,0,1,1,1,1,1,1,1
argC2,1,1,1,1,1,1,1,1,1
argG,1,1,1,1,1,1,1,1,1
argH,1,1,1,1,1,1,1,1,1
argR1,1,0,1,0,1,0,1,0,1
argR2,0,0,1,1,1,0,0,1,1
argS,1,1,1,1,1,1,1,0,1
aroC1,1,1,1,1,1,1,1,1,1
asd2,1,1,1,1,1,1,1,0,1
asnA,0,1,1,1,1,1,1,0,1
asp1,0,1,1,0,1,0,1,0,0
asp2,1,0,1,1,1,0,0,0,1
aspAT,1,1,1,1,1,1,1,1,1
aspS,1,1,1,1,1,1,1,1,1
atpA,1,1,1,1,1,0,1,1,1
atpC,1,1,1,0,1,0,1,0,1
atpD,1,0,0,1,1,0,0,0,1
atpE,1,1,1,1,1,1,1,1,1
atpF,1,1,1,1,1,1,1,1,1
atpG,1,1,0,1,1,1,0,1,1
atpH,1,1,0,1,1,1,0,0,1
bar,1,1,1,1,1,1,1,0,1
bcaP,1,1,0,1,1,1,1,1,1
bcaT,0,1,1,0,1,1,0,0,1
brnE,1,0,1,0,1,0,0,1,1
cah,1,1,0,1,1,1,1,1,1
carH,1,1,0,0,1,0,0,1,1
cblA1,1,1,1,1,1,1,1,1,1
ccpA,1,1,1,1,1,1,1,1,1
cdsA,1,1,0,0,1,1,1,1,1
cfa2,0,1,1,0,1,0,1,1,1
choS,1,1,1,1,1,1,1,1,1
cinA,1,1,1,1,1,1,1,1,1
citD,1,1,1,1,1,1,1,1,1
citG,1,1,1,1,1,1,1,1,1
citX,1,1,1,1,1,1,1,1,1
clpB,1,1,1,1,1,1,1,1,1
clpP,1,0,0,0,1,0,0,0,0
clpX,1,0,1,1,1,1,1,1,1
cls,1,1,1,1,1,0,1,0,1
cmd,1,1,1,1,1,1,1,1,1
cmk,1,0,0,0,1,0,1,0,1
coaA,1,1,1,1,1,1,1,1,1
coaE,1,1,1,1,1,1,1,0,1
comEB,1,1,0,0,1,0,1,0,1
comFC,1,1,1,1,1,1,1,1,1
copR,1,1,1,1,1,1,1,1,1
crtM,1,1,1,1,1,1,1,1,1
csd2,1,1,1,1,1,0,1,1,1
cspC,0,0,0,1,0,0,0,0,1
cspL,1,0,0,0,1,0,0,1,1
cspP,0,1,0,0,0,0,0,0,0
cspR,1,1,1,1,1,1,1,1,1
ctsR,1,0,0,0,1,1,0,0,1
cydA,1,1,1,1,1,1,0,1,1
cysC,1,1,1,0,1,1,1,1,1
cysE,1,1,1,1,1,1,1,1,1
czcD2,1,1,0,1,1,0,1,1,1
dacB,1,1,1,1,1,1,1,1,1
dapB,1,1,1,1,1,1,1,1,1
dapD,1,0,0,1,1,1,1,0,1
dapF,1,1,1,1,1,1,1,1,1
ddl,1,1,0,0,1,0,1,1,1
def1,1,0,0,0,1,1,1,0,0
def2,1,1,0,0,1,0,1,0,1
der,1,1,1,1,1,1,1,1,1
dfrA,1,1,1,0,0,1,1,1,1
dgk,1,1,0,1,1,0,1,0,1
dgk1,1,0,0,0,1,1,1,0,1
dgk2,1,1,0,1,1,0,1,1,1
divIC,1,1,0,0,1,0,0,0,1
divIVA,1,1,0,1,1,0,1,1,1
dltB,1,1,1,1,1,1,1,0,1
dltC1,1,0,0,0,1,0,1,0,1
dltC2,1,1,1,0,1,1,0,0,1
dltD,1,0,1,1,1,1,1,1,1
dltX,0,0,0,0,0,0,0,0,1
dnaA,1,1,1,0,1,1,1,1,1
dnaC,1,1,1,1,1,1,1,1,1
dnaJ,1,1,1,0,1,0,1,0,1
dnaK,1,1,1,1,1,1,1,1,1
dnaN,1,1,1,1,1,1,1,1,1
dnaX,1,1,1,1,1,1,1,1,1
dps2,1,1,0,1,1,1,1,1,1
dsdA,1,1,1,1,1,1,1,1,1
dus1,1,1,1,1,1,1,1,1,1
dut,1,1,1,1,1,1,1,1,1
efp,0,0,0,1,1,0,0,1,0
enoA1,0,1,1,1,1,1,1,0,1
exoA,1,1,1,1,1,1,1,1,1
fabD,1,1,1,1,1,1,1,1,1
fabF,1,1,1,1,1,1,1,1,1
fabG1,1,1,1,1,1,0,1,0,1
fabG2,0,0,1,1,1,0,1,1,1
fabH1,1,1,1,1,1,1,1,0,1
fabH2,1,1,1,1,1,1,1,1,1
fabI,1,1,1,1,1,1,1,1,1
fabZ1,0,0,0,0,0,0,0,0,1
fabZ2,1,1,0,0,1,1,1,1,1
fba,1,0,0,1,0,0,0,0,1
feoA,1,1,0,1,1,1,1,1,1
feoB,1,1,1,1,1,1,1,1,1
ffh,1,1,1,1,1,0,1,1,1
folB,1,1,0,0,1,0,1,0,1
folD,1,1,1,1,1,1,1,1,1
folE,1,1,0,0,1,0,1,1,1
folQ,1,1,1,1,1,1,1,0,1
fpg,1,1,1,1,1,1,1,0,1
fruA_1,1,1,1,1,1,1,1,1,1
fruK,1,1,1,1,1,1,1,1,1
fruR,0,1,1,1,1,0,1,0,1
fthC,1,0,0,1,1,1,1,1,1
ftsH,0,1,1,1,1,1,1,1,1
ftsK2,1,1,1,1,1,1,1,1,1
ftsL,1,0,0,1,1,1,1,0,1
ftsQ,1,1,1,1,1,1,1,1,1
ftsW,1,1,1,1,1,1,1,0,1
ftsY,1,1,1,1,1,1,1,1,1
ftsZ,1,1,1,1,1,1,1,0,1
fum,1,1,1,1,1,1,1,1,1
fur,0,1,1,1,1,1,1,1,1
fusA2,1,0,1,1,1,0,1,0,1
galE1,1,1,1,1,1,1,1,1,1
galK,1,1,1,1,1,1,1,1,1
galM3,1,1,1,1,1,1,1,1,1
galU,1,1,0,0,1,0,1,0,1
gapB,1,0,0,0,1,0,0,0,0
gatA,1,1,1,1,1,1,1,1,1
gatB,1,1,1,1,1,1,1,0,1
gatC,1,1,0,1,1,0,1,1,1
gcp,1,1,0,1,1,1,0,1,1
gcsH1,1,1,1,1,1,1,1,1,1
gcsH2,1,1,0,0,1,0,1,1,1
gidA,1,1,1,1,1,1,1,0,1
gidB,1,1,1,1,1,1,1,1,1
gidC,1,1,1,1,1,1,1,1,1
glmM,1,1,1,1,1,1,1,1,1
glmS1,1,1,1,1,1,1,1,1,1
glmU,1,1,1,1,1,1,1,1,1
glnA,1,1,1,1,1,0,1,0,1
glnH1,1,1,0,1,1,1,1,1,1
glnP2,1,1,0,0,1,0,0,0,1
glnQ1,0,0,1,1,1,1,1,1,1
glnQ2,1,1,1,0,1,1,0,1,1
glnQ3,1,1,1,0,1,0,0,1,1
glnQ4,0,1,0,1,1,1,1,0,0
glnR,0,1,1,0,1,0,1,0,1
glpF4,0,0,1,1,1,1,1,1,1
glpK,1,1,1,1,1,1,1,1,1
glpQ2,1,1,1,1,1,1,1,1,1
gltT,1,1,1,0,1,1,1,0,1
glyQ,1,0,1,1,1,1,0,0,1
gmk1,0,1,1,1,1,0,0,0,1
gmk2,1,1,1,1,1,1,1,1,1
gnd2,1,0,0,1,1,1,1,0,1
gpd,1,1,1,1,1,1,1,1,1
gph1,1,1,1,1,1,1,1,0,1
gpp,1,1,1,0,1,0,1,1,1
gpsB,1,0,0,0,1,1,0,0,1
greA2,1,0,1,0,1,0,0,1,0
groEL,0,1,1,0,0,1,0,1,1
groES,0,1,0,0,1,0,1,0,1
group_10003,1,1,1,1,1,1,1,1,1
group_10009,1,1,1,1,1,0,1,1,1
group_10033,1,1,1,1,1,1,1,1,1
group_10038,1,0,1,0,1,1,1,1,1
group_10044,1,1,1,1,1,1,1,1,1
group_10053,1,1,1,1,0,0,0,0,1
group_10056,1,0,0,0,1,0,1,0,1
group_10075,1,1,1,1,1,1,1,1,1
group_10076,1,0,0,1,1,0,0,0,1
group_10098,0,0,0,1,1,1,1,1,1
group_10099,1,1,1,1,1,1,1,1,1
group_10117,1,1,0,0,1,1,1,0,1
group_10164,1,1,1,1,1,1,1,1,1
group_10168,1,0,1,0,1,1,1,0,1
group_10169,1,0,1,1,1,1,1,1,1
group_10170,1,0,1,1,1,1,1,1,1
group_10172,1,1,1,1,1,0,1,1,1
group_10210,1,1,1,1,1,1,1,1,1
group_10225,1,1,1,1,1,1,1,1,1
group_10459,1,1,1,1,1,1,1,1,1
group_10481,1,1,1,1,1,1,1,1,1
group_10553,1,1,1,1,1,1,1,1,1
group_10558,1,1,1,1,1,0,1,1,1
group_10568,1,1,1,0,1,1,1,1,1
group_10586,1,1,1,1,1,1,1,1,1
group_10627,0,1,0,0,1,1,1,1,1
group_10630,1,1,1,1,1,1,1,1,1
group_10656,1,1,1,1,1,1,1,1,1
group_10675,1,1,0,0,1,0,0,1,1
group_10685,1,1,0,1,1,1,1,1,1
group_10700,1,1,1,1,1,0,0,1,1
group_10776,1,1,1,1,1,1,1,1,1
group_10778,1,1,1,0,1,1,1,1,1
group_10786,1,1,1,1,1,1,1,1,1
group_10792,1,0,1,0,1,1,0,0,1
group_10821,1,0,1,0,1,1,0,1,1
group_10842,1,1,0,1,1,0,0,1,1
group_10853,1,1,1,1,1,1,1,1,1
group_10871,0,1,1,0,1,0,0,1,1
group_10872,1,1,1,1,1,1,1,0,1
group_10873,1,0,1,1,1,1,1,1,1
group_10876,1,0,1,1,1,0,0,0,1
group_10877,1,0,1,1,1,1,1,0,1
group_10932,1,1,0,1,1,1,1,1,1
group_10949,1,1,1,1,1,1,1,1,1
group_10997,1,1,1,1,1,1,1,1,1
group_11004,1,1,1,1,1,1,1,1,1
group_11230,1,1,1,1,1,1,1,1,1
group_11347,1,1,1,1,1,1,1,1,1
group_11351,1,1,1,1,1,0,1,0,1
group_11355,1,1,1,1,1,0,1,1,1
group_11395,1,1,1,1,1,1,1,1,1
group_11399,1,1,1,0,1,0,0,0,1
group_11402,1,1,1,1,1,1,1,1,1
group_11417,1,1,1,1,1,1,1,1,1
group_11435,1,1,1,1,1,1,1,1,1
group_11436,1,1,1,1,1,1,1,1,1
group_11440,1,0,0,1,0,0,1,0,0
group_11450,1,1,1,1,1,1,1,1,1
group_11480,1,1,1,1,1,1,1,1,1
group_11483,1,1,1,1,1,1,1,1,1
group_11484,1,0,0,0,1,0,0,0,1
group_11487,1,1,0,1,1,0,0,1,1
group_11488,1,1,1,1,1,0,1,1,1
group_11494,0,1,0,1,1,0,0,1,1
group_11503,1,1,1,0,1,1,1,1,1
group_11511,1,1,1,1,1,1,1,1,1
group_11526,1,0,1,0,1,1,0,0,1
group_11527,1,1,1,1,1,1,1,1,1
group_11530,1,1,1,1,1,1,1,1,1
group_11538,1,1,1,1,1,1,1,0,1
group_11544,1,1,1,1,1,1,1,0,1
group_11549,1,1,1,1,1,0,1,1,1
group_11550,1,1,1,1,1,1,1,1,1
group_11553,0,1,1,1,1,1,1,0,1
group_11592,1,0,1,1,1,1,1,1,1
group_11612,1,1,1,1,1,1,1,1,1
group_11636,1,0,1,1,1,0,1,0,1
group_11693,1,1,1,1,1,1,1,1,1
group_11745,1,1,1,1,1,1,1,1,1
group_11798,1,1,1,1,1,1,1,1,1
group_12006,1,1,1,1,1,1,1,1,1
group_12034,1,1,0,0,1,1,1,1,1
group_12236,1,1,1,1,1,1,1,1,1
group_12238,1,1,1,1,1,1,1,1,1
group_12239,1,1,1,1,1,1,0,1,1
group_12240,1,0,1,0,1,0,0,0,1
group_12251,1,1,1,0,1,0,1,0,1
group_12256,0,1,0,0,1,1,1,1,1
group_12265,1,0,1,1,1,1,0,0,1
group_12286,1,1,0,0,1,1,1,0,1
group_12288,1,1,0,0,1,1,0,1,1
group_12289,1,1,1,1,1,1,1,1,1
group_12294,1,1,1,1,1,1,1,1,1
group_12302,1,1,1,1,1,1,1,1,1
group_12331,1,1,1,1,1,1,1,1,1
group_12333,1,1,0,1,1,1,1,1,1
group_12339,1,0,1,1,1,1,1,1,1
group_12353,1,1,1,1,1,0,1,0,1
group_12354,0,0,1,0,1,1,0,0,0
group_12358,1,0,0,0,1,0,1,0,1
group_12361,1,0,0,1,1,0,1,0,1
group_12370,1,0,1,1,1,0,1,1,1
group_12379,1,0,0,1,1,1,1,1,1
group_12391,1,0,0,1,1,1,1,1,1
group_12396,1,1,1,1,1,1,1,1,1
group_12398,1,1,1,1,1,1,1,1,1
group_12424,1,1,1,1,1,1,1,1,1
group_12430,1,1,1,0,1,1,1,1,1
group_12440,1,1,1,0,1,0,1,1,1
group_12444,1,0,1,1,1,1,0,0,1
group_12453,1,1,0,1,1,1,1,0,1
group_12461,0,0,1,0,1,1,1,0,1
group_12486,1,1,1,1,1,1,1,0,1
group_12488,0,1,1,1,1,1,0,0,1
group_12496,1,1,1,1,1,1,1,1,1
group_12509,1,1,1,1,1,0,1,0,1
group_12511,1,0,0,1,1,0,0,1,1
group_12514,1,1,1,1,1,1,1,1,1
group_12516,1,1,1,1,1,1,1,0,1
group_12517,1,1,1,1,1,1,1,1,1
group_12525,1,0,1,0,1,0,0,0,1
group_12587,1,1,0,1,1,1,1,0,1
group_12633,1,0,0,1,1,1,1,0,1
group_12657,0,1,1,1,1,1,1,1,1
group_12719,1,1,0,1,1,0,1,0,1
group_13009,1,1,1,1,1,1,1,1,1
group_13096,1,1,1,0,1,1,1,1,1
group_13100,1,0,1,1,1,0,1,1,1
group_13107,1,1,1,0,1,1,0,0,1
group_13109,1,0,1,1,1,0,1,0,1
group_13110,1,1,1,1,1,1,1,1,1
group_13114,1,1,1,1,1,1,1,1,1
group_13126,1,1,1,1,1,1,1,1,1
group_13133,1,1,1,1,1,1,1,1,1
group_13138,1,1,1,0,1,0,1,1,0
group_13175,1,1,1,0,1,1,0,0,1
group_13219,1,1,0,0,1,0,0,0,1
group_13229,1,1,0,1,1,0,1,0,1
group_13239,0,1,0,1,1,1,1,0,1
group_13243,1,1,0,1,1,0,1,1,1
group_13244,0,0,1,0,1,0,0,0,0
group_13254,1,1,1,1,1,0,1,0,1
group_13256,1,0,1,1,1,0,1,0,1
group_13264,1,1,1,1,1,1,1,1,1
group_13284,1,1,1,1,1,1,1,1,1
group_13302,1,1,1,1,1,1,1,1,1
group_13317,1,1,1,0,1,1,1,1,1
group_13319,0,0,1,0,1,0,1,1,0
group_13328,1,0,0,0,1,1,1,0,1
group_13332,1,1,1,1,1,1,1,1,1
group_13337,0,0,0,1,0,0,0,0,1
group_13338,1,1,1,1,1,1,1,1,1
group_13350,1,1,1,1,1,1,1,1,1
group_13363,1,1,1,1,1,0,1,1,1
group_13364,1,1,1,1,1,1,1,1,1
group_13369,1,1,1,1,1,0,1,1,1
group_13383,1,0,0,1,1,0,1,1,1
group_13403,0,1,1,1,1,1,1,1,1
group_13409,1,1,1,1,1,1,1,1,1
group_13419,0,0,1,1,1,0,1,1,1
group_13422,1,1,1,1,1,1,1,1,1
group_13429,1,0,0,0,1,1,0,0,1
group_13432,1,1,1,1,1,1,1,1,1
group_13435,0,1,0,1,1,1,1,0,1
group_13438,1,1,1,1,1,1,1,1,1
group_13439,1,1,1,1,1,1,1,1,1
group_13453,1,1,1,1,1,0,1,0,1
group_13454,1,1,0,1,1,0,1,1,0
group_13465,1,1,1,1,1,1,1,1,1
group_13480,1,1,1,1,1,1,1,1,1
group_13498,1,0,1,0,1,1,1,0,1
group_13509,1,1,0,1,1,1,0,0,1
group_13512,1,1,1,0,1,1,1,1,1
group_13522,1,1,1,0,1,1,1,0,1
group_13523,1,0,1,0,1,1,1,1,1
group_13623,1,1,0,1,1,0,1,0,1
group_13633,1,1,1,1,1,1,1,1,1
group_13643,1,1,1,1,1,1,1,0,1
group_13667,1,0,1,1,1,1,0,0,1
group_13858,1,1,1,1,1,1,1,1,1
group_13894,1,0,1,0,1,0,0,1,1
group_13946,1,1,1,0,1,1,1,1,1
group_13947,1,1,1,1,1,0,1,0,1
group_14187,0,0,0,1,1,0,0,0,1
group_14197,1,1,1,1,1,1,1,1,1
group_14241,1,1,1,1,1,1,1,0,1
group_14250,1,1,1,1,1,1,0,1,1
group_14251,1,0,1,1,1,0,1,1,1
group_14256,1,1,1,1,1,1,1,1,1
group_14262,1,1,1,0,1,0,1,1,1
group_14263,1,1,1,0,1,0,0,1,1
group_14264,1,1,1,1,1,1,1,1,1
group_14265,1,0,0,0,1,0,1,1,1
group_14266,0,1,0,1,1,0,0,0,1
group_14269,0,1,0,1,1,0,0,1,1
group_14271,1,0,1,1,1,1,1,1,1
group_14276,1,1,1,1,1,1,1,1,1
group_14282,1,1,0,0,1,0,0,1,1
group_14284,1,1,1,1,1,1,0,0,1
group_14285,1,1,0,1,1,0,1,1,1
group_14286,1,1,1,1,1,1,1,1,1
group_14290,1,1,1,1,1,1,1,1,1
group_14294,1,1,1,1,1,0,1,1,1
group_14296,1,1,0,1,1,1,1,0,1
group_14313,0,1,0,1,1,0,1,1,1
group_14337,1,0,0,0,1,0,1,0,1
group_14341,0,0,0,0,1,0,1,1,1
group_14346,0,1,1,1,1,1,0,0,1
group_14347,1,1,0,1,1,1,1,1,1
group_14348,1,1,1,1,1,0,1,0,1
group_14349,1,1,1,1,1,1,1,1,1
group_14352,1,1,0,1,1,1,1,1,1
group_14361,1,1,1,1,1,1,1,1,1
group_14362,1,1,1,1,1,1,1,0,1
group_14371,1,1,1,1,1,1,1,1,1
group_14372,1,1,1,1,1,1,1,1,1
group_14379,1,1,1,1,1,0,1,1,1
group_14381,1,1,1,1,1,1,1,1,1
group_14383,1,1,1,1,1,1,1,1,1
group_14384,1,1,1,1,1,1,1,1,1
group_14385,1,1,1,0,1,1,0,1,1
group_14386,1,1,1,1,1,1,1,1,1
group_14388,1,1,1,1,1,0,1,0,1
group_14392,0,0,0,0,1,0,1,0,1
group_14393,1,1,1,1,1,1,1,1,1
group_14402,1,1,1,1,1,0,0,0,1
group_14408,1,1,1,1,1,0,1,1,1
group_14411,1,1,1,0,1,1,1,1,1
group_14412,1,1,1,0,1,0,1,1,1
group_14413,0,0,1,0,1,0,0,1,1
group_14414,1,1,1,1,1,0,1,1,1
group_14415,1,1,1,1,1,1,1,1,1
group_14416,1,1,1,1,1,1,1,1,1
group_14418,1,1,0,0,1,1,1,1,1
group_14419,1,0,0,1,1,1,1,0,1
group_14432,1,1,1,1,1,1,1,1,1
group_14433,0,1,0,1,1,0,1,0,1
group_14436,0,0,1,1,1,1,1,1,1
group_14444,0,0,0,0,1,0,1,0,1
group_14446,1,1,1,1,1,1,1,1,1
group_14451,1,1,1,0,1,1,1,1,1
group_14452,1,1,0,0,1,0,1,1,1
group_14465,1,0,1,0,1,0,1,1,1
group_14472,1,1,1,1,1,1,1,1,1
group_14474,1,1,1,1,1,1,1,0,1
group_14488,1,1,0,1,1,1,1,1,1
group_14495,1,1,1,1,1,1,0,1,1
group_14496,1,0,0,0,1,0,1,1,1
group_14503,1,1,0,0,1,0,1,0,1
group_14504,1,1,1,1,1,1,1,0,1
group_14510,1,1,1,1,1,1,1,1,1
group_14511,1,1,1,1,1,1,1,1,1
group_14514,1,1,1,1,1,1,1,1,1
group_14515,1,1,0,0,1,1,0,0,1
group_14519,1,1,1,1,1,0,1,0,1
group_14527,1,1,1,1,1,1,0,0,1
group_14528,1,1,0,1,1,1,1,1,1
group_14529,1,0,1,1,1,1,1,1,1
group_14534,1,1,1,1,1,1,1,1,1
group_14537,1,1,1,1,1,1,1,1,1
group_14554,1,1,1,1,1,1,1,1,1
group_14558,1,1,1,1,1,1,1,1,1
group_14559,1,1,1,1,1,1,1,1,1
group_14560,1,1,1,1,1,1,1,0,1
group_14562,1,1,1,1,1,1,1,1,1
group_14567,1,1,0,1,1,1,0,1,1
group_14568,1,1,1,0,1,1,1,1,1
group_14576,1,1,1,0,1,0,1,1,1
group_14577,1,1,1,1,1,1,1,1,1
group_14578,1,1,0,0,1,0,0,0,1
group_14579,1,0,0,1,1,1,0,1,1
group_14582,1,1,1,1,1,1,1,1,1
group_14589,0,1,1,0,1,1,1,1,1
group_14600,1,0,1,1,0,0,0,1,1
group_14614,1,1,1,1,1,1,0,1,1
group_14623,1,1,0,1,1,1,0,0,1
group_14632,1,1,1,1,1,1,1,0,1
group_14634,1,1,1,1,1,1,1,1,1
group_14635,0,1,1,1,1,0,1,0,1
group_14647,1,1,1,1,1,0,1,1,1
group_14648,1,1,0,0,1,0,1,0,1
group_14650,1,1,1,1,1,0,1,1,1
group_14652,1,1,0,0,1,0,1,0,1
group_14653,1,0,0,1,0,0,0,1,0
group_14654,1,1,1,1,1,0,1,0,1
group_14658,1,1,1,1,1,0,1,1,1
group_14660,1,1,1,0,1,1,1,1,1
group_14661,0,1,0,0,1,1,0,0,1
group_14670,1,1,1,1,1,1,1,1,1
group_15117,1,0,1,1,1,1,1,0,1
group_15176,1,0,0,1,1,0,0,1,0
group_15534,1,1,1,0,1,1,1,0,1
group_15580,1,1,1,1,1,1,1,1,1
group_15666,1,1,1,1,1,0,1,0,1
group_15667,0,0,0,0,1,1,0,0,1
group_15668,1,1,0,1,1,1,1,1,1
group_15671,1,0,0,1,1,0,0,0,1
group_15672,1,1,1,1,1,0,0,1,1
group_15674,1,1,0,0,1,0,1,1,1
group_15679,1,1,0,1,1,1,0,1,1
group_15689,1,1,1,1,1,1,1,1,1
group_15690,1,1,1,1,1,0,1,1,1
group_15694,1,1,1,1,1,1,1,1,1
group_15719,1,1,1,1,1,1,1,1,1
group_15725,1,1,1,1,1,1,1,1,1
group_15726,1,1,1,1,1,1,1,0,1
group_15727,1,1,1,0,1,1,1,1,1
group_15728,0,0,0,1,1,0,0,0,0
group_15729,1,1,1,1,1,1,1,0,1
group_15731,1,1,1,1,1,1,1,1,1
group_15732,1,1,1,1,1,1,1,1,1
group_15734,1,1,1,1,1,1,1,1,1
group_15735,1,1,1,1,1,1,1,1,1
group_15736,1,1,1,0,1,1,0,1,1
group_15737,1,0,0,1,1,1,0,0,0
group_15738,1,1,1,0,1,0,1,0,1
group_15740,1,1,1,1,1,0,0,0,1
group_15743,1,0,1,1,1,0,0,0,1
group_15744,1,1,1,1,1,0,1,0,1
group_15747,1,0,1,0,1,1,0,0,1
group_15748,1,0,1,1,1,1,0,1,1
group_15749,1,1,1,1,1,1,1,1,1
group_15750,1,1,1,1,1,0,1,1,1
group_15751,1,1,1,1,1,1,1,1,1
group_15752,0,1,1,0,1,0,1,0,1
group_15758,1,1,1,1,1,1,0,1,1
group_15760,1,1,1,1,1,1,1,1,1
group_15765,1,1,1,1,1,1,0,1,1
group_15766,1,1,0,1,1,0,1,0,1
group_15768,1,0,0,1,1,1,1,0,1
group_15774,1,1,0,0,1,0,0,0,1
group_15776,1,1,1,1,1,1,1,1,1
group_15777,1,1,1,1,1,1,1,1,1
group_15780,1,0,0,0,1,1,0,0,0
group_15781,1,1,1,0,1,0,1,0,1
group_15782,1,1,0,1,1,1,0,0,1
group_15783,1,1,1,1,1,1,1,1,1
group_15784,1,1,0,1,1,1,0,0,1
group_15794,1,1,0,1,1,0,1,0,1
group_15798,1,0,0,0,1,1,1,1,1
group_15799,1,1,1,0,1,0,0,0,1
group_15801,1,1,1,1,1,1,1,1,1
group_15802,1,0,1,0,1,1,0,0,1
group_15803,1,1,1,1,1,1,1,0,1
group_15806,1,0,0,0,1,0,1,0,1
group_15811,0,1,0,0,1,1,0,0,1
group_15816,1,1,1,1,1,0,0,1,1
group_15817,0,1,1,1,1,1,1,0,1
group_15821,1,1,0,0,1,0,0,0,1
group_15823,1,0,1,1,1,1,1,0,1
group_15825,1,0,1,0,1,0,1,0,1
group_15826,1,1,0,1,1,0,0,1,1
group_15828,1,1,0,1,1,1,1,0,1
group_15829,1,0,1,1,1,0,1,1,1
group_15833,1,1,1,1,1,1,1,1,1
group_15835,1,1,1,1,1,1,1,1,1
group_15837,1,0,1,1,1,1,0,0,1
group_15839,0,0,0,0,1,0,0,1,1
group_15840,1,1,0,0,1,0,0,0,1
group_15843,1,1,0,0,1,0,1,0,1
group_15845,1,0,0,0,1,1,1,0,1
group_15849,0,0,0,0,1,0,0,0,1
group_15850,1,1,1,1,1,1,0,0,1
group_15853,0,0,1,0,1,0,0,0,1
group_15854,1,1,1,1,1,1,1,1,1
group_15856,1,0,1,0,1,1,1,0,1
group_15858,0,0,0,0,1,0,1,0,1
group_15861,1,1,1,1,1,1,1,1,1
group_15863,1,0,1,0,0,0,0,1,1
group_15864,1,1,0,1,1,0,1,1,1
group_15870,1,1,1,1,1,0,0,0,0
group_15874,0,1,0,0,1,0,1,0,1
group_15876,1,0,1,1,1,1,1,0,1
group_15885,1,1,0,1,1,1,1,0,1
group_15886,1,1,1,1,1,0,1,0,1
group_15887,0,0,1,1,1,0,0,1,1
group_15888,1,1,1,1,1,0,1,1,1
group_15890,1,1,1,1,1,1,1,1,0
group_15891,1,0,1,1,1,1,1,1,1
group_15892,1,0,0,1,1,0,0,0,1
group_15903,1,1,1,1,1,0,1,1,1
group_15906,0,0,1,0,1,1,1,1,1
group_15907,1,1,0,1,1,1,1,1,1
group_15908,1,1,1,1,1,1,1,1,1
group_15909,1,1,0,1,1,0,1,0,1
group_15910,1,0,1,1,1,1,0,1,1
group_15911,1,0,0,1,1,1,1,1,1
group_15913,1,1,1,1,1,1,1,1,1
group_15914,1,1,1,1,1,1,1,1,1
group_15915,0,1,0,0,1,0,1,0,1
group_15917,1,0,0,0,1,0,0,0,1
group_15918,0,0,0,0,1,0,0,0,0
group_15919,1,0,0,1,1,0,0,0,1
group_15921,1,1,0,1,1,0,1,0,1
group_15928,1,1,1,1,1,1,1,1,1
group_15932,1,1,1,0,1,1,0,1,1
group_15934,1,1,0,0,1,0,0,0,1
group_15939,1,1,1,0,1,0,0,0,1
group_15960,1,0,0,0,1,0,0,1,1
group_16133,1,1,1,1,1,1,1,1,1
group_16484,1,1,1,1,1,1,1,1,1
group_16486,1,1,0,1,1,1,1,1,1
group_16521,1,1,1,1,1,0,1,0,1
group_16574,1,1,1,1,1,1,1,1,1
group_16578,1,1,1,0,1,0,0,1,1
group_16926,1,1,1,1,1,1,1,1,1
group_17053,1,1,1,1,1,1,1,1,1
group_17361,1,0,1,0,1,0,0,1,1
group_17385,0,0,0,0,1,1,0,0,1
group_17388,1,1,0,0,1,1,1,1,1
group_17391,1,1,1,1,1,1,1,1,1
group_17392,0,1,1,0,1,0,1,1,1
group_17401,1,0,1,0,1,1,1,0,1
group_17416,1,1,1,1,1,1,1,1,1
group_17419,0,1,1,1,1,0,0,0,1
group_17426,0,1,0,1,0,1,0,0,0
group_17427,1,1,0,1,1,1,1,0,1
group_17429,1,0,0,0,1,0,1,0,1
group_17432,0,1,0,0,0,0,0,0,0
group_17437,0,0,1,1,1,1,0,1,1
group_17439,1,1,0,0,1,0,0,1,1
group_17440,1,1,1,0,1,0,1,1,0
group_17443,1,0,1,1,1,1,0,0,1
group_17445,1,1,1,0,1,1,0,0,1
group_17447,1,1,0,0,1,0,1,0,1
group_17448,1,0,1,0,1,1,0,0,1
group_17450,1,0,0,0,1,0,1,0,1
group_17454,1,0,1,1,1,1,1,0,1
group_17456,1,0,0,0,1,0,0,0,1
group_17465,1,0,1,0,1,1,1,1,1
group_17478,1,1,1,1,1,0,1,1,1
group_17480,1,1,0,1,0,0,0,1,1
group_17482,0,0,0,0,1,0,1,0,1
group_17486,1,1,1,1,1,1,1,1,1
group_17489,1,0,0,0,1,1,1,1,1
group_17493,1,1,0,0,1,0,1,0,0
group_21390,1,1,1,1,1,1,1,1,1
group_21706,1,1,1,1,1,1,1,1,1
group_23023,1,0,1,1,1,1,1,1,1
group_23316,1,1,1,1,1,1,1,1,1
group_23320,0,0,0,0,1,1,1,0,1
group_23325,0,0,0,1,1,1,1,1,1
group_23326,1,1,0,1,1,1,1,1,1
group_23328,1,1,1,1,1,0,0,1,1
group_23332,1,0,0,1,1,1,1,0,1
group_23333,1,0,0,0,1,0,1,1,1
group_23342,1,1,1,0,1,1,1,1,1
group_23349,1,1,0,1,1,0,1,1,1
group_23353,0,0,0,0,1,0,1,1,1
group_23354,1,1,1,1,1,1,1,1,1
group_23355,1,1,1,0,1,1,1,0,1
group_23358,0,1,0,0,1,0,1,1,1
group_23366,1,1,0,0,1,1,1,0,1
group_23367,1,1,0,0,1,1,1,0,1
group_23392,0,0,0,0,1,1,1,0,1
group_23395,1,1,1,1,1,1,1,1,1
group_23399,1,1,1,1,1,0,1,1,1
group_23408,0,0,0,0,1,0,1,0,1
group_23416,1,0,0,1,1,0,0,0,1
group_23417,0,0,1,1,1,0,1,0,1
group_23421,0,1,0,1,1,0,1,1,1
group_23422,0,0,0,0,1,0,1,0,1
group_23423,1,0,0,0,0,0,1,0,1
group_23428,0,1,1,1,1,1,1,1,1
group_23435,1,1,1,0,1,0,0,0,1
group_23439,1,1,1,1,1,1,1,1,1
group_23442,0,1,0,1,1,0,1,1,1
group_23454,1,0,0,0,1,0,1,0,1
group_23461,1,0,1,0,1,0,0,0,1
group_23462,1,1,1,1,1,1,1,1,1
group_23465,1,1,1,0,1,1,1,1,1
group_23469,1,0,0,0,1,0,0,0,0
group_23475,1,1,1,1,1,1,0,0,1
group_23476,0,0,0,0,1,0,0,1,1
group_23481,1,0,1,1,1,0,0,1,1
group_23482,1,1,1,1,1,0,1,1,1
group_23487,1,0,0,0,1,1,0,0,1
group_23489,0,1,1,1,1,1,1,1,1
group_23500,0,0,0,0,1,0,0,0,1
group_23504,0,0,0,1,1,1,0,1,1
group_23505,0,1,1,0,1,0,0,0,1
group_23508,0,0,0,0,1,1,1,1,1
group_23521,1,0,1,1,1,1,1,1,1
group_23522,1,1,0,0,1,0,0,0,0
group_23523,1,0,1,1,1,0,1,0,1
group_23529,1,1,1,0,1,0,0,1,1
group_23531,0,1,0,0,1,1,0,0,1
group_23534,1,1,1,1,1,1,1,1,1
group_23539,0,0,0,1,0,1,0,1,0
group_23542,1,0,1,1,1,1,0,0,1
group_23543,1,1,1,1,1,1,1,0,1
group_23546,1,1,1,1,1,1,1,1,1
group_23549,1,1,1,1,1,0,1,1,1
group_23552,1,0,1,0,1,0,0,0,1
group_23554,1,0,0,0,1,0,0,0,0
group_23555,1,1,1,0,1,1,1,1,1
group_23557,1,1,0,0,1,0,1,0,1
group_23561,0,1,0,0,1,1,0,0,1
group_23562,0,1,1,0,1,0,1,1,1
group_23563,1,0,1,0,1,1,0,0,1
group_23567,1,1,1,1,1,1,1,1,1
group_23568,1,0,1,1,1,0,0,1,1
group_23570,0,0,0,1,1,0,1,0,1
group_23576,1,1,1,1,1,1,0,0,1
group_23582,1,1,1,0,1,1,1,1,1
group_23584,1,1,0,0,1,1,0,0,1
group_23585,1,0,1,1,1,0,1,0,1
group_23587,1,0,1,0,1,0,1,1,1
group_23593,1,1,1,1,1,1,1,1,1
group_23594,1,1,1,0,1,1,1,1,1
group_23602,1,1,1,0,1,0,0,0,0
group_23603,1,1,1,1,1,1,1,1,1
group_23606,1,1,0,1,1,0,1,1,1
group_23607,0,1,0,1,1,0,0,0,1
group_23609,1,0,0,1,1,0,1,0,1
group_23610,0,0,1,0,1,0,0,0,0
group_23612,1,0,1,0,1,0,1,0,1
group_23615,0,1,0,0,1,0,1,1,1
group_23617,0,1,0,0,1,1,1,1,1
group_23622,1,1,1,1,1,1,1,1,1
group_23623,1,1,1,1,1,1,1,1,1
group_23630,1,1,1,0,1,1,0,0,1
group_23631,1,1,1,1,1,0,1,0,1
group_23633,1,1,1,1,1,1,1,1,1
group_23638,1,1,1,1,1,1,1,1,1
group_23639,0,0,1,0,0,0,1,0,0
group_23643,1,1,1,1,1,1,1,1,1
group_23645,1,1,1,1,1,1,1,0,1
group_23646,1,1,0,1,1,1,1,1,1
group_23647,1,1,1,1,1,1,1,1,1
group_23648,1,1,1,1,1,1,1,1,1
group_23651,0,0,0,0,1,0,0,0,0
group_23654,0,1,1,1,1,0,0,0,1
group_23656,1,1,1,1,1,0,1,0,1
group_2968,1,1,1,1,1,1,1,1,1
group_3063,1,0,1,1,1,1,1,1,1
group_4929,1,1,1,1,1,1,1,1,1
group_5198,1,1,1,1,1,1,1,1,1
group_5245,1,1,1,1,1,1,1,1,1
group_5624,1,1,1,1,1,1,1,1,1
group_6653,1,1,1,1,1,1,1,1,1
group_6664,1,1,1,1,1,1,0,1,1
group_6747,1,1,1,1,1,1,1,1,1
group_6984,1,1,0,1,1,0,0,1,1
group_7052,1,1,1,1,1,1,1,1,1
group_7070,1,1,1,1,1,1,1,1,1
group_7438,1,1,1,1,1,1,1,1,1
group_7512,1,1,1,0,1,0,1,1,1
group_7591,1,1,1,1,1,1,1,1,1
group_7709,0,0,0,0,1,0,1,0,0
group_7776,1,1,1,1,1,0,1,1,1
group_7792,1,1,1,0,1,0,1,1,1
group_7829,1,1,1,1,1,1,1,1,1
group_7995,1,1,1,1,1,1,1,1,1
group_8148,1,1,1,1,1,1,1,1,1
group_8168,1,1,1,1,1,1,1,0,1
group_8276,1,1,1,1,1,0,1,0,1
group_8286,1,0,1,1,1,0,1,1,1
group_8312,1,1,1,1,1,1,1,1,1
group_8346,1,1,1,1,1,1,1,1,1
group_8807,1,1,1,1,1,1,1,1,1
group_8809,1,1,1,1,1,1,1,1,1
group_8819,1,0,1,1,1,1,1,1,1
group_8893,1,1,1,1,1,1,1,1,1
group_8926,1,1,0,1,1,1,0,0,1
group_8930,1,1,0,1,1,0,1,1,1
group_8970,1,1,1,1,1,1,1,1,1
group_8985,1,0,1,1,1,1,1,1,1
group_9218,1,1,0,0,1,1,1,0,1
group_9229,1,1,1,1,1,1,1,1,1
group_9249,1,1,1,1,1,0,0,0,1
group_9306,1,1,1,1,1,1,1,1,1
group_9317,0,1,0,0,1,0,0,0,1
group_9335,1,1,1,1,1,1,1,1,1
group_9339,1,1,1,1,1,1,1,1,1
group_9392,1,1,1,1,1,1,1,1,1
group_9398,0,1,1,1,1,1,1,0,1
group_9399,1,1,1,1,1,1,1,1,1
group_9413,1,1,1,1,1,1,1,1,1
group_9768,1,1,1,1,1,1,1,0,1
group_9847,0,1,1,0,1,1,1,1,1
group_9870,1,1,1,1,1,1,1,1,1
group_9947,1,1,1,1,1,1,1,1,1
group_9970,1,1,1,1,1,1,1,1,1
group_9988,1,1,1,1,1,1,1,1,1
group_9990,1,1,1,1,1,1,1,1,1
grpE,1,1,1,1,1,1,1,1,1
gshR1,1,1,1,1,1,1,1,1,1
gshR2,1,1,1,1,1,1,1,1,1
gshR4,1,1,1,1,1,1,1,1,1
gtcA1,1,1,1,1,1,1,1,1,1
gtcA2,1,1,1,1,1,1,1,1,1
guaA,1,1,1,0,1,1,1,1,1
gyrB,1,1,1,0,1,0,1,0,1
hbsU,0,0,0,1,0,1,0,0,0
hepA,1,0,0,1,1,0,1,0,0
hisA,1,1,1,1,1,0,1,1,1
hisB,1,0,1,1,1,1,0,1,1
hisC,1,1,1,1,1,1,1,1,1
hisD,1,1,1,1,1,1,1,1,1
hisE,0,0,0,0,1,1,1,1,1
hisF,1,1,1,1,1,1,1,1,1
hisG,1,1,1,1,1,1,1,0,1
hisH,1,0,1,1,1,1,1,1,1
hisI,1,0,0,1,1,1,1,1,1
hisK,1,1,1,1,1,1,1,1,1
holA,1,1,1,0,1,1,1,0,1
holB,1,1,0,1,1,1,1,1,1
hpk1,1,1,1,1,1,1,1,1,1
hpk3,1,1,1,1,1,1,1,1,1
hpk7,1,1,1,1,1,1,1,1,1
hprK,0,0,1,1,1,1,0,1,1
hprT,0,0,1,0,1,0,1,0,1
hslV,1,0,0,0,1,0,0,0,1
hsp1,1,0,1,1,1,1,1,1,1
hsp2,1,1,1,1,1,1,1,1,1
hsp3,1,0,0,1,1,1,1,1,1
hsp33,1,1,1,0,1,1,1,0,1
htrA,1,1,1,1,1,0,1,1,1
iap,1,1,1,1,1,0,1,0,1
infA,1,1,1,1,1,1,1,1,1
infC,0,0,0,0,1,0,0,1,1
ispE,1,1,1,1,1,1,1,1,1
kdtB,1,1,1,0,1,0,1,1,1
larA,1,1,0,1,1,1,1,1,1
larB,1,0,1,1,1,1,1,0,1
larE,1,1,1,1,1,1,1,1,1
ldhD,0,0,0,1,0,0,0,1,1
ldhL1,1,1,0,0,1,1,1,1,1
lepA1,0,0,1,1,1,0,1,1,1
leuS,1,1,1,1,1,1,1,1,1
lgt,1,1,1,1,1,1,1,1,1
ligA,1,1,1,1,1,1,1,1,1
lrgA,1,1,1,1,1,1,0,0,1
lsrG,1,1,1,1,1,1,1,1,1
lysP,1,1,1,1,1,1,1,1,1
lysS,1,1,1,1,1,1,1,0,1
lytH,1,1,1,1,1,1,1,1,1
maa,1,1,1,1,1,0,1,0,1
malT,1,1,1,1,1,0,1,1,1
mapA,1,1,1,1,1,1,1,1,1
mapB,1,1,1,1,1,1,1,1,1
mecA,0,1,1,1,1,0,1,1,1
metE,1,1,1,1,1,1,1,1,1
metS,1,1,1,1,1,1,1,1,1
miaA,1,1,1,1,1,1,1,1,1
minD,0,1,1,0,1,0,1,0,1
mleP1,1,1,1,0,1,0,1,1,1
mleP3,1,1,1,1,1,1,1,1,1
mleR2,1,1,0,1,1,1,1,1,1
mraW,1,1,1,1,1,1,1,1,1
mraZ,1,1,1,1,1,1,1,1,1
mreB1,1,0,1,1,1,1,0,0,1
mreC,1,0,1,1,1,1,0,1,1
mreD,1,0,0,1,1,1,1,1,1
mrsB,1,0,1,0,1,1,1,0,1
mscL,1,0,0,0,1,0,0,1,0
mtlD,1,1,1,1,1,1,1,1,1
mtsC,1,1,1,1,1,0,0,1,1
murA2,1,1,1,1,1,1,1,0,1
murB,1,1,1,1,1,1,1,1,1
murD,1,1,1,1,1,1,1,1,1
murF,1,1,1,1,1,1,1,1,1
murG,1,1,1,1,1,1,1,1,1
murI,1,1,1,0,1,1,0,1,1
mutS,1,1,1,1,1,1,1,1,1
mutY,1,1,1,1,1,1,1,1,1
mvaD,1,1,1,0,1,1,1,1,1
nadC1,1,1,1,1,1,0,1,0,1
nadD,1,0,1,1,1,0,1,0,1
nadE,1,1,1,1,1,1,1,0,1
nagA,1,1,1,1,1,0,1,1,1
nagB,1,0,0,1,1,0,0,1,1
napA3,1,1,1,1,1,1,1,1,1
ndh1,1,1,1,1,1,1,1,1,1
ndk,1,1,1,1,1,1,1,1,1
nfo,1,1,1,1,1,1,1,1,1
nhaP1,1,1,1,1,1,1,1,1,1
npr2,1,1,1,1,1,1,1,1,1
nrdF,1,0,0,0,1,1,1,0,1
nrdG,0,1,1,0,1,0,1,0,1
nrdH,1,1,0,0,1,0,0,0,1
nrdI,1,0,0,1,1,0,0,1,1
nth2,1,1,1,1,1,1,1,0,1
nupC,1,1,1,0,1,0,1,0,1
nusB,1,1,1,1,1,1,1,1,1
nusG,0,0,0,0,1,1,1,0,0
oppA,1,1,1,1,1,1,1,1,1
oppB,1,0,0,0,1,0,1,1,1
oppC,1,0,0,0,1,1,1,0,1
oppD,1,1,1,0,1,1,0,1,1
oppF,1,1,0,1,1,1,1,0,1
opuA,1,1,1,0,1,0,1,1,1
opuB,1,1,1,1,1,1,1,1,1
opuC,1,1,1,1,1,1,1,1,1
opuD,0,0,1,1,1,0,1,0,1
padR,1,0,1,1,1,0,0,0,1
panE,1,1,1,1,1,1,1,1,1
parA,0,1,0,1,1,0,1,0,1
parB1,1,1,1,1,1,0,1,1,1
parB2,1,1,1,1,1,1,1,1,1
parE,1,1,1,1,1,1,1,1,1
pbg6,1,1,1,1,1,1,1,1,1
pbp1A,1,1,1,1,1,1,1,1,1
pbp2x,1,1,1,1,1,1,1,1,1
pbpX2,1,1,1,1,1,1,1,1,1
pcrA,1,1,1,1,1,1,1,1,1
pdhA,1,1,1,1,1,1,1,1,1
pdhC,1,1,1,1,1,1,1,1,1
pdxK,1,1,1,1,1,1,1,1,1
pepE,1,1,1,1,1,1,1,1,1
pepR1,1,1,1,1,1,1,1,1,1
pepV,1,1,1,1,1,1,1,1,1
pfk,1,1,0,0,1,0,0,1,1
pflA,1,1,1,1,1,1,1,1,1
pflB,1,1,1,1,1,1,1,1,1
pgk,1,1,1,0,1,1,1,1,1
pgm1,1,1,1,1,1,1,1,0,1
pgm2,1,1,1,0,1,1,1,1,1
pgm4,1,1,0,1,1,1,1,1,1
pgm6,1,1,0,0,1,1,1,0,1
pgm7,1,1,1,0,1,1,1,1,1
pgpA,0,1,1,1,1,0,0,0,0
pgsA,0,0,1,1,1,0,1,0,1
pheS,1,1,1,1,1,1,0,0,1
pheT,1,1,1,1,1,1,1,1,1
phnC,1,1,1,1,1,1,1,1,1
phnW,1,1,1,1,1,1,1,1,1
phnX,1,1,1,0,1,1,1,1,1
phoH,1,1,0,1,1,1,1,0,1
phoU,1,1,1,0,1,1,0,0,1
plsC,1,1,1,1,1,0,1,1,1
pltK,1,1,1,1,1,1,1,1,1
pltR,1,1,0,1,1,0,1,1,1
pmi,1,0,1,1,1,0,1,1,1
pnuC1,1,1,0,1,1,0,1,1,1
polC,1,1,1,1,1,1,1,0,1
potA,1,1,1,1,1,1,1,1,1
potB,1,0,1,1,1,1,1,1,1
potC,1,1,1,1,1,1,1,1,1
potD,1,1,1,1,1,1,1,1,1
ppiB,1,1,1,1,1,0,1,1,1
ppk,1,1,0,1,1,1,1,1,1
ppnK,1,1,0,0,1,1,0,0,1
ppx1,1,1,1,1,1,1,0,1,1
ppx3,1,1,1,1,1,0,1,1,1
prfA,1,0,0,0,1,1,1,0,1
prmC,1,1,1,1,1,1,1,1,1
proC,1,0,1,1,1,1,1,0,1
proS,1,1,1,0,1,1,1,1,1
prs1,1,1,0,1,1,0,1,0,1
prtM1,0,1,1,0,1,1,1,1,1
pstA,1,1,1,1,1,1,1,0,1
pstB,1,1,0,1,1,0,1,1,1
pstC,0,1,1,0,1,0,1,1,1
pstE,1,1,1,1,1,1,1,1,1
pstF,1,1,1,1,1,1,1,1,1
pta,1,1,1,1,1,1,1,1,1
pth,1,1,1,1,1,1,1,1,1
ptp3,1,1,1,1,1,0,1,1,1
pts10A,1,1,1,0,1,1,1,1,1
pts20A,1,0,0,1,1,1,1,0,1
pts20B,1,1,0,0,1,0,0,1,1
pts23A,1,1,0,1,1,1,1,1,1
pts23B,0,0,0,0,0,0,0,0,1
pts2A,1,0,1,1,1,0,1,0,1
pts2CB,1,1,1,1,1,1,1,1,1
pts9AB,1,1,1,1,1,0,0,1,1
pts9C,1,1,1,1,1,1,1,1,1
pts9D,1,1,1,1,1,0,1,1,1
ptsH,0,1,0,0,0,0,0,0,1
pucR,1,1,1,1,1,1,1,0,1
purA,1,1,1,1,1,1,1,1,1
purB,1,1,1,0,1,1,1,0,1
purC,1,1,1,1,1,1,1,1,1
purD,1,1,1,1,1,1,1,1,1
purE,1,0,1,0,1,0,1,0,1
purH,1,1,1,1,1,1,1,1,1
purK1,1,1,1,1,1,1,1,1,1
purK2,1,1,1,1,1,1,0,1,1
purQ,1,1,1,1,1,1,1,1,1
purR,1,1,0,0,1,1,1,1,1
purS,0,0,1,0,1,1,1,1,1
pycA,1,1,1,1,1,1,1,1,1
pyrAA,1,0,1,1,1,1,1,1,1
pyrAA2,1,1,1,1,1,0,1,0,1
pyrB,1,1,1,1,1,1,1,1,1
pyrC,1,1,1,1,1,1,1,1,1
pyrE,1,1,1,0,1,1,1,1,1
pyrF,1,1,1,1,1,1,1,0,1
pyrG,1,1,1,0,1,1,1,0,1
pyrH,1,0,1,0,1,0,0,1,1
pyrR1,0,1,0,0,1,1,1,0,1
qacC,1,1,1,0,1,0,1,1,1
qacH,1,0,0,0,1,1,0,1,1
queA,1,1,1,1,1,0,0,1,1
radA,1,1,1,1,1,0,1,0,1
ram2_1,1,1,1,1,1,1,1,1,1
rbfA,0,0,1,0,1,1,0,0,1
recA,1,1,1,0,1,1,1,0,1
recF,1,0,1,0,1,1,1,0,1
recG,1,1,1,1,1,1,1,0,1
recN,1,1,0,1,1,1,1,1,1
recQ1,1,1,1,1,1,1,1,1,1
recQ2,1,1,1,1,1,1,1,1,1
recR,0,1,0,1,1,0,1,0,1
recX,1,1,1,0,1,1,1,0,1
rhe1,1,1,0,1,1,0,1,1,1
rhe3,1,1,1,0,1,1,1,0,1
rho,1,1,1,1,1,1,1,1,1
rimI1,1,0,1,0,1,1,0,1,1
rimI2,1,0,1,1,1,1,0,1,1
rimM,1,1,1,1,1,1,0,1,1
rimP,1,0,0,0,1,1,1,0,1
rlmH,1,1,1,1,1,1,1,1,1
rluD1,1,0,1,1,1,1,1,1,1
rluD2,1,1,1,1,1,1,1,1,1
rluE,1,1,1,1,1,1,1,1,1
rnc,1,0,1,0,1,1,1,0,1
rnh,1,1,1,1,1,1,1,1,1
rnhB,1,1,1,1,1,1,1,0,1
rnpA,1,0,1,1,1,0,0,0,1
rodA2,1,1,1,1,1,1,0,1,1
rpe,1,1,1,1,1,0,1,1,1
rpiA1,0,1,1,0,1,1,1,1,1
rplB,1,1,1,1,1,1,1,1,1
rplC,1,1,1,1,1,0,0,1,1
rplD,1,0,1,0,1,1,1,0,1
rplE,1,0,0,0,0,0,1,0,1
rplF,0,1,1,0,0,0,1,1,1
rplI,1,0,0,1,1,0,0,0,1
rplJ,0,0,0,1,1,0,1,0,1
rplK,1,0,0,0,0,0,0,0,1
rplL,0,1,1,0,0,0,0,0,0
rplM,1,1,0,0,1,0,0,0,1
rplO,0,0,0,0,1,0,1,1,1
rplP,0,0,0,0,0,0,0,0,1
rplQ,1,0,0,0,1,0,1,0,1
rplR,0,0,0,0,1,1,0,1,1
rplS,0,0,0,0,0,0,0,0,1
rplT,1,0,0,0,1,1,0,0,1
rplU,1,0,0,0,1,0,0,0,1
rplV,1,0,1,0,1,0,0,0,1
rplW,1,0,0,0,0,0,0,1,1
rplX,0,1,0,1,0,1,0,0,1
rpmA,0,0,0,0,1,0,0,0,0
rpmC,0,1,0,0,1,0,0,0,0
rpmD,1,0,0,0,1,0,0,0,0
rpmE,1,0,0,0,1,0,0,0,1
rpmG,0,0,1,0,0,0,1,0,0
rpmI,0,0,0,0,1,1,0,0,0
rpoA,1,1,1,1,1,0,1,0,1
rpoD,1,1,0,1,1,0,1,1,1
rpoE,1,1,1,1,1,1,1,1,1
rpoN,1,1,1,1,1,1,1,0,1
rpoZ,0,0,0,0,1,0,0,0,1
rpsA,1,1,1,1,1,1,1,1,1
rpsB,1,1,1,1,1,1,1,1,1
rpsC,1,0,1,1,1,1,1,1,0
rpsD,0,1,0,0,1,0,0,1,1
rpsE,0,1,1,0,1,0,0,0,1
rpsF,1,1,0,0,0,0,0,0,0
rpsG,0,0,0,0,0,0,1,0,1
rpsH,0,0,1,0,0,1,0,0,1
rpsI,0,0,0,0,0,0,1,0,0
rpsJ,0,0,0,1,1,0,1,0,0
rpsK,1,1,0,0,0,0,0,0,0
rpsL,0,0,0,0,0,1,0,0,0
rpsM,0,0,0,0,0,1,0,0,1
rpsN2,0,0,0,0,1,0,1,1,1
rpsO,0,0,0,0,1,0,0,1,1
rpsP,0,0,0,0,1,0,0,0,0
rpsQ,1,0,0,1,1,0,0,1,1
rpsR,0,1,0,0,1,0,0,0,1
rpsS,0,0,0,0,0,0,1,0,1
rpsT,0,0,1,0,1,0,1,0,1
rrf,1,1,0,0,1,1,1,1,1
rrp1,0,0,1,0,1,1,1,0,1
rrp11,1,0,0,0,1,0,1,0,1
rrp3,1,1,1,1,1,0,1,0,1
rrp5,0,0,0,0,1,0,1,0,1
rrp7,1,0,1,1,1,0,1,0,1
rsfS,1,1,0,0,1,0,1,0,1
rsmE,1,1,1,1,1,0,1,1,1
rssB,1,1,1,1,1,1,1,1,1
rsuA,1,1,0,1,1,1,1,1,1
rumA,1,1,1,1,1,1,1,1,1
ruvA,1,1,1,1,1,1,1,1,1
sbcD,1,1,1,1,1,1,1,1,1
scpA,1,1,1,1,1,1,1,1,1
scpB,1,1,1,1,1,1,1,0,1
sdhA,0,1,0,0,1,1,1,0,1
secE,1,0,0,1,1,0,1,0,0
secG,0,0,1,0,1,0,0,1,1
secY,1,1,0,1,1,1,1,0,1
serA,1,1,1,1,1,1,1,1,1
serS2,1,1,1,1,1,1,1,1,1
sigH,1,1,1,1,1,1,1,1,1
sip1,1,0,1,1,1,0,1,0,1
smc_1,1,1,1,1,1,1,1,1,1
smpB,0,1,0,0,1,1,1,0,1
spx1,1,1,1,1,1,1,1,1,1
spx3,0,0,1,0,1,0,1,0,1
spx4,1,1,1,1,1,1,1,1,1
srtA,0,1,1,1,1,1,1,1,1
ssb,1,1,1,1,1,1,1,1,1
sufB,1,1,1,1,1,1,1,1,1
sufD,1,1,1,1,1,1,1,1,1
sufS,1,1,1,1,1,1,1,1,1
sufU,1,1,1,0,1,1,1,1,1
tadA,1,1,0,1,1,0,1,0,1
tag1,1,1,1,1,1,0,1,1,1
tag2,1,1,1,1,1,1,1,1,1
tagA,1,1,1,1,1,1,1,0,1
tagE6,1,1,1,1,1,1,1,1,1
tagG,0,1,1,0,1,0,1,0,1
tagH,1,1,0,1,1,0,0,1,1
tagO,0,1,0,1,1,0,1,1,1
tarI,1,1,1,1,1,1,1,1,1
tdk,1,1,1,1,1,1,1,1,1
tgt,1,0,1,0,1,1,1,1,1
thiM,1,1,1,1,1,1,1,1,1
thrA1,1,1,1,0,1,1,1,1,1
thrA2,1,1,0,0,1,1,1,1,1
thrB,1,1,1,1,1,1,1,1,1
thrC,1,1,1,1,1,1,1,1,1
thrS,1,1,1,1,1,1,1,1,1
thyA,1,1,1,1,1,1,1,1,1
tilS,1,1,1,1,1,1,1,1,1
tmk,1,1,1,1,1,1,1,1,1
tpiA,0,0,0,1,1,1,1,1,1
tpk,1,1,1,1,1,1,1,1,1
tpx,1,0,1,1,1,0,1,0,1
treR,1,1,0,1,1,1,0,1,1
trmB,1,1,1,1,1,0,1,0,1
trmD,1,1,0,1,1,1,1,1,1
trmE,1,0,1,1,1,0,1,0,1
trmH,1,1,0,0,1,0,1,1,1
trmU,1,1,1,1,1,1,1,0,1
trpA,1,1,1,1,1,1,1,1,1
trpF,1,1,1,1,1,1,1,1,1
trpS,1,1,1,1,1,0,1,1,1
truA,1,1,0,0,1,1,1,0,1
truB,1,1,1,1,1,1,0,1,1
trxA1,1,1,1,1,1,1,1,0,1
trxA2,0,0,0,1,0,1,1,0,0
trxA3,1,1,1,1,1,1,1,1,1
trxB,1,1,1,1,1,0,1,0,1
trxH,0,0,0,0,0,1,1,0,1
tsf,1,1,1,1,1,1,1,0,1
tyrS,1,1,1,1,1,1,1,0,1
ubiE,1,1,1,0,1,1,1,0,1
udk,1,0,1,0,1,0,1,0,0
ung,1,1,1,1,1,0,1,1,1
upp,1,0,1,0,1,0,0,0,0
uppP,0,1,1,1,1,0,1,1,1
uppS,1,1,1,1,1,0,1,0,1
uvrB,1,1,1,1,1,1,1,1,1
uvrC,1,1,1,1,1,1,1,1,1
xpkA,1,1,1,1,1,1,1,1,1
xseA,1,1,1,1,1,1,1,1,1
xseB,0,0,0,0,1,0,0,0,1
xtp1,1,1,0,0,1,0,1,1,1
yajC,1,1,1,1,1,1,1,1,1
yidC2,1,0,0,1,1,0,1,0,1
zapA,0,0,0,1,1,0,0,0,1
zmp1,1,1,1,1,1,1,1,1,1
zmp3,1,1,1,1,1,1,1,1,1
znuB,1,1,0,0,1,1,0,1,1
znuC,0,0,1,1,1,0,1,1,1
