,Unnamed: 0,AA_mutation_type,Species,Mutation_count,Total_count
0,0,Deletion,Lactiplantibacillus pentosus,5584,142058
1,1,Insertion,Lactiplantibacillus pentosus,67,142058
2,2,Substitution,Lactiplantibacillus pentosus,136407,142058
3,0,Deletion,Lacticaseibacillus paracasei,16969,184277
4,1,Substitution,Lacticaseibacillus paracasei,167308,184277
5,0,Deletion,Lacticaseibacillus rhamnosus,16874,338751
6,1,Substitution,Lacticaseibacillus rhamnosus,321877,338751
7,0,Deletion,Lactiplantibacillus plantarum,85140,507116
8,1,Substitution,Lactiplantibacillus plantarum,421976,507116
9,0,Deletion,Lactobacillus acidophilus,1911,56697
10,1,Insertion,Lactobacillus acidophilus,809,56697
11,2,Substitution,Lactobacillus acidophilus,53977,56697
12,0,Deletion,Lactobacillus crispatus,3558,145262
13,1,Substitution,Lactobacillus crispatus,141704,145262
14,0,Deletion,Lactobacillus delbrueckii,7777,150467
15,1,Insertion,Lactobacillus delbrueckii,199,150467
16,2,Substitution,Lactobacillus delbrueckii,142491,150467
17,0,Deletion,Lactobacillus gasseri,1203,34221
18,1,Insertion,Lactobacillus gasseri,8,34221
19,2,Substitution,Lactobacillus gasseri,33010,34221
20,0,Deletion,Lactobacillus helveticus,3088,66009
21,1,Insertion,Lactobacillus helveticus,16,66009
22,2,Substitution,Lactobacillus helveticus,62905,66009
23,0,Deletion,Lactobacillus iners,1030,42745
24,1,Insertion,Lactobacillus iners,7,42745
25,2,Substitution,Lactobacillus iners,41708,42745
26,0,Deletion,Lactobacillus johnsonii,2513,134767
27,1,Insertion,Lactobacillus johnsonii,62,134767
28,2,Substitution,Lactobacillus johnsonii,132192,134767
29,0,Deletion,Latilactobacillus sakei,2587,102148
30,1,Insertion,Latilactobacillus sakei,70,102148
31,2,Substitution,Latilactobacillus sakei,99491,102148
32,0,Deletion,Lentilactobacillus parabuchneri,1697,69570
33,1,Insertion,Lentilactobacillus parabuchneri,46,69570
34,2,Substitution,Lentilactobacillus parabuchneri,67827,69570
35,0,Deletion,Leuconostoc inhae,1310,54059
36,1,Substitution,Leuconostoc inhae,52749,54059
37,0,Deletion,Leuconostoc mesenteroides,2533,65842
38,1,Insertion,Leuconostoc mesenteroides,2,65842
39,2,Substitution,Leuconostoc mesenteroides,63307,65842
40,0,Deletion,Levilactobacillus brevis,5359,121542
41,1,Insertion,Levilactobacillus brevis,8,121542
42,2,Substitution,Levilactobacillus brevis,116175,121542
43,0,Deletion,Ligilactobacillus ruminis,2808,101497
44,1,Insertion,Ligilactobacillus ruminis,37,101497
45,2,Substitution,Ligilactobacillus ruminis,98652,101497
46,0,Deletion,Ligilactobacillus salivarius,12838,263667
47,1,Insertion,Ligilactobacillus salivarius,42,263667
48,2,Substitution,Ligilactobacillus salivarius,250787,263667
49,0,Deletion,Limosilactobacillus fermentum,2620,55649
50,1,Insertion,Limosilactobacillus fermentum,5,55649
51,2,Substitution,Limosilactobacillus fermentum,53024,55649
52,0,Deletion,Limosilactobacillus reuteri,11334,344788
53,1,Insertion,Limosilactobacillus reuteri,40,344788
54,2,Substitution,Limosilactobacillus reuteri,333414,344788
55,0,Deletion,Oenococcus oeni,2974,70529
56,1,Insertion,Oenococcus oeni,1,70529
57,2,Substitution,Oenococcus oeni,67554,70529
58,0,Deletion,Pediococcus acidilactici,9423,265878
59,1,Insertion,Pediococcus acidilactici,132,265878
60,2,Substitution,Pediococcus acidilactici,256323,265878
61,0,Deletion,Pediococcus pentosaceus,3434,94166
62,1,Insertion,Pediococcus pentosaceus,60,94166
63,2,Substitution,Pediococcus pentosaceus,90672,94166
64,0,Deletion,Weissella cibaria,6247,103326
65,1,Insertion,Weissella cibaria,20,103326
66,2,Substitution,Weissella cibaria,97059,103326
67,0,Deletion,Weissella confusa,7352,138435
68,1,Insertion,Weissella confusa,91,138435
69,2,Substitution,Weissella confusa,130992,138435
70,0,Deletion,Lactobacillus paragasseri,1633,55145
71,1,Insertion,Lactobacillus paragasseri,15,55145
72,2,Substitution,Lactobacillus paragasseri,53497,55145
